unique Id,transcription
transcription_0,"to, sin saber tres virtud tiene. Y",
transcription_1,"tos juicios de darme tiempo, para",
transcription_2,que en vuestra educación lo mani,
transcription_3,"sestalle, pues me hallo tantos meses",
transcription_4,"ha rendida en esta cama, a una en",
transcription_5,"enfermedad tal, que desde su princi-",
transcription_6,"pio me amenaza con la muerte, y",
transcription_7,"vuestra orfandad en tiernos años,",
transcription_8,"vivió treinta y cinco años, y con",
transcription_9,"dolores, con los de tan penosos ac-",
transcription_10,"cidentes, os procuro encaminar",
transcription_11,"ahora a Dios, y que renazcáis de mí­",
transcription_12,"para Él, por medio de la virtud, a",
transcription_13,que os exhorto con estos documentos,
transcription_14,que he recogido con el duelo,
transcription_15,"posible, juzgando que es la más esti-",
transcription_16,mable herencia que puedo dejaros,
transcription_17,en prenda del entrañable amor,
transcription_18,"que os tengo, por este, y en primer",
transcription_19,"lugar, por el que debéis a Dios, os",
transcription_20,pido y encargo que me libréis la,
transcription_21,"paga en el puntual ejercicio de ellos,",
transcription_22,y en premio os prometo (con mi,
transcription_23,"bendición, que desde aquí os doy)",
transcription_24,de parte de Dios los doce más ex-,
transcription_25,celentes que un maestro de espíri-,
transcription_26,"tu largamente describe, y son en su",
transcription_27,ma: que tendrá Su Divina Majestad,
transcription_28,"providencia particular de vosotros,",
transcription_29,y os concederá la gracia del Espíritu,
transcription_30,"bbre sobrenatural, la alegría de la",
transcription_31,"Santo, sus consolaciones, y lum-",
transcription_32,"divina misericordia, la verdadera li-",
transcription_33,"vuestras oraciones, su asistencia, y",
transcription_34,"favor en los trabajos, y bendiciones",
transcription_35,"bligados a ella, por ser quien es, y",
transcription_36,nos tuviera Dios de antemano o,
transcription_37,"predestinación, a los se añaden ca-",
transcription_38,da uno los particulares suyos. Aquí,
transcription_39,os hago memoria de la calidad que,
transcription_40,"os dio, que le sunda en la excelencia",
transcription_41,"bligados a ella, por ser quien es, y",
transcription_42,"os dio, que le sunda en la excelencia",
transcription_43,"de la virtud, origen de cualquier",
transcription_44,"y efecto de la virtud,",
transcription_45,"ánimo, y como dijo Bruno Siguino,",
transcription_46,"que su señor, pues consiste la noble-",
transcription_47,puede ser más noble el esclavo,
transcription_48,"za mayor en mÃ¡s virtud, y de ella",
transcription_49,"las armas, y tan grande claridad, que",
transcription_50,misma se hace luz como la más rica,
transcription_51,"de las piedras, o es el carbunclo, ",
transcription_52,"es tan noble, que ni puede usar",
transcription_53,"mal de nada, ni nadie mal de ella, y el",
transcription_54,"sitio propio, y asiento suyo es el",
transcription_55,"más excelente, pues en el hombre",
transcription_56,"es el corazón, y en el mundo los",
transcription_57,Príncipes y Reyes; esta sola es la,
transcription_58,que quita el sentimiento de las es-,
transcription_59,"pinas de la vida, y contra ella no",
transcription_60,"tienen las calamidades más fuerza,",
transcription_61,que la niebla contra el Sol. Sócra-,
transcription_62,"tes, preguntado por Lorgias, si te-",
transcription_63,"nía por dichoso al Rey de Persia,",
transcription_64,respondió: No puedo juzgar de es-,
transcription_65,"conforme con esto, lo que Séneca",
transcription_66,después de largos discursos con-,
transcription_67,"cluye, de que en ella consiste la bien-",
transcription_68,"aventurada, y más feliz vida, a",
transcription_69,"lo que añade, que solo la virtud es el",
transcription_70,"Nobleza), viven mal de la autoridad",
transcription_71,"raleza eterna, no siendo otra copia",
transcription_72,(que procuran) pero son más,
transcription_73,"los que, llevados de inclinaciones",
transcription_74,"y rentas con que se hallan, usando",
transcription_75,por armas contra Dios las mercedes,
transcription_76,"que de Él recibieron, y desestimándose,",
transcription_77,"con lo que piensan que le engrandecen,",
transcription_78,pues en todas las cosas quieren bondad,
transcription_79,"sino en sí mismos, como dijo Agustín:",
transcription_80,Y siendo de los que David dice no,
transcription_81,conocieron la honra en que fueron,
transcription_82,"Creyendo juntamente, que",
transcription_83,de una lengua y unas,
transcription_84,"aconteció que, como se,",
transcription_85,"pues, que la honra, y hacienda os la",
transcription_86,verdadera grandeza. Considerad,
transcription_87,"hallaron una vega en la,",
transcription_88,"taleza cristiana, es sufrir, y hacer",
transcription_89,"las cosas, desestimar todas las exteriores,",
transcription_90,"sufrir mucho por la virtud, y por",
transcription_91,dijeron los unos á los otros:,
transcription_92,"y este debe despreciar la mayor bajeza,",
transcription_93,"ortaleza, que es la propia, y ",
transcription_94,los vicios) ha de ser un continuo ejerci-,
transcription_95,grande (edifiquémonos una ciudad y,
transcription_96,"Dios, vemos que hoy lo contrario abunda.",
transcription_97,"verdadera en servir, y agradar a",
transcription_98,"los treinta , pues consistiendo la",
transcription_99,"criados, porque allí confudió Jehová",
transcription_100,EN el principio crió Dios la tierra,
transcription_101,"Y la tierra estaba desordenada y vacía,",
transcription_102,"las tinieblas estaban sobre la haz del abismo,",
transcription_103,y el Espíritu de Dios se movía sobre,
transcription_104,Y dijo Dios: Sea la luz: y fué la luz,
transcription_105,Y vió Dios que la luz era buena:,
transcription_106,y apartó Dios la luz de las tinieblas.,
transcription_107,"Y llamó Dios á la luz Día,",
transcription_108,y á las tinieblas llamó Noche:,
transcription_109,y fué la tarde y la mañana un día.,
transcription_110,Y dijo Dios: Haya expansión en,
transcription_111,"medio de las aguas, y",
transcription_112,separe las aguas de las aguas.,
transcription_113,"E hizo Dios la expansión, y apartó",
transcription_114,as aguas que estaban debajo de,
transcription_115,"la expansión, de las",
transcription_116,aguas que estaban sobre la expansión:,
transcription_117,Y llamó Dios á la expansión Cielos:,
transcription_118,y fué la tarde y la mañana el día,
transcription_119, Y dijo Dios: Júntense las aguas,
transcription_120,que están debajo de los cielos en,
transcription_121,"un lugar, y descúbrase la seca: y",
transcription_122,"Y llamó Dios á la seca Tierra, y á ",
transcription_123,a reunión de las aguas llamó,
transcription_124,Mares: y vió Dios que era bueno.,
transcription_125,Y dijo Dios: Produzca la tierra hierba,
transcription_126,"verde, hierba que dé simiente; árbol",
transcription_127,de fruto que dé fruto según su,
transcription_128,"género, que su simiente esté en él, sobre la",
transcription_129,tierra: y fué así.,
transcription_130,"Y produjo la tierra hierba verde, hierba",
transcription_131,"que da simiente según su naturaleza, y",
transcription_132,"árbol que da fruto, cuya simiente está en él,",
transcription_133,según su género: y vió Dios que era bueno.,
transcription_134, fué la tarde y la maña-,
transcription_135,na el día tercero.,
transcription_136,Y dijo Dios: Sean lumbreras en,
transcription_137,la expansión de los cielos,
transcription_138,para apartar el día y la,
transcription_139,"noche: y sean por señales, y",
transcription_140,"para las estaciones, y pa-",
transcription_141,ra días y años;,
transcription_142,Y sean por lumbreras en,
transcription_143,la expansión de los cielos,
transcription_144,para alumbrar sobre la tierra:,
transcription_145,E hizo Dios las dos grandes lumbreras;,
transcription_146,la lumbrera mayor para que señorease,
transcription_147,"en el día, y la lumbrera menor",
transcription_148,para que señorease en la noche: hizo,
transcription_149,también las estrellas.,
transcription_150,Y púsolas Dios en la expansión,
transcription_151,"de los cielos, para alumbrar sobre",
transcription_152,Y para señorear en el día y,
transcription_153,"en la noche, y para apartar la luz",
transcription_154,y las tinieblas: y vió Dios,
transcription_155,que era bueno.,
transcription_156,Y fué la tarde y la,
transcription_157,mañana el día cuarto.,
transcription_158,Y dijo Dios: Produzcan las,
transcription_159,"aguas reptil de ánima viviente, y",
transcription_160,aves que vuelen sobre la,
transcription_161,"tierra, en la abierta expan-",
transcription_162,sión de los cielos.,
transcription_163,"Y crió Dios las grandes ballenas,",
transcription_164,y toda cosa viva que anda arrastrando,
transcription_165,que las aguas produjeron según,
transcription_166,"su género, y toda ave alada",
transcription_167,según su especie: y vió Dios que,
transcription_168,Y Dios los bendijo diciendo:,
transcription_169,"Fructificad y multiplicad, y henchid",
transcription_170,"las aguas en los mares,",
transcription_171,y las aves se multipliquen en,
transcription_172,Y fué la tarde y la,
transcription_173,mañana el día quinto.,
transcription_174,Y dijo Dios: Produzca la tierra seres,
transcription_175,"vivientes según su género, bestias",
transcription_176,y serpientes y animales,
transcription_177,de la tierra según su especie: y,
transcription_178,E hizo Dios animales de la tierra,
transcription_179,"según su género, y ganado",
transcription_180,"egún su género, y todo animal",
transcription_181,que anda arrastrando sobre la,
transcription_182,tierra según su especie: y vió,
transcription_183,Dios que era bueno.,
transcription_184,Y dijo Dios: Hagamos al hombre á ,
transcription_185,"nuestra imagen, conforme á",
transcription_186,nuestra semejanza; y señoree,
transcription_187,"en los peces de la mar, y en las",
transcription_188,"aves de los cielos, y en las",
transcription_189,"bestias, y en toda la tierra,",
transcription_190, y en todo animal que anda,
transcription_191,arrastrando sobre la tierra.,
transcription_192,Y crió Dios al hombre á su,
transcription_193,"imagen, á imagen de Dios",
transcription_194,lo crió; varón y hembra los,
transcription_195,Y los bendijo Dios; y díjoles,
transcription_196,"Dios: Fructificad y multiplicad, y",
transcription_197,"henchid la tierra, y sojuzgadla,",
transcription_198,y señoread en los peces de,
transcription_199,"la mar, y en las aves de los",
transcription_200,"cielos, y en todas las ",
transcription_201, bestias que se mueven sobre,
transcription_202,Y dijo Dios: He aquí que os,
transcription_203,he dado toda hierba que da,
transcription_204,"simiente, que está sobre la",
transcription_205,haz de toda la tierra; y todo,
transcription_206,árbol en que hay fruto de,
transcription_207,"árbol que da simiente, seros",
transcription_208,ha para comer.,
transcription_209,"Y á toda bestia de la tierra,",
transcription_210," á todas las aves de los cielos,",
transcription_211,y á todo lo que se mueve,
transcription_212,"sobre la tierra, en qu-",
transcription_213,"e hay vida, toda hierba",
transcription_214,verde les será para comer:,
transcription_215,y fué así.,
transcription_216, Y vió Dios todo lo que,
transcription_217,"había hecho, y he",
transcription_218,aquí que era bueno en,
transcription_219,gran manera. Y,
transcription_220,fué la tarde y la,
transcription_221,mañana el día sexto.,
transcription_222,Y FUERON acabados los,
transcription_223,"cielos y la tierra, y",
transcription_224,todo su ornamento.,
transcription_225,Y acabó Dios en el día,
transcription_226,séptimo su obra que,
transcription_227,"hizo, y reposó el día séptimo",
transcription_228,de toda su obra,
transcription_229,que había hecho.,
transcription_230,Y bendijo Dios al día séptimo,
transcription_231,"y santificólo, porque en",
transcription_232,él reposó de toda su,
transcription_233,obra que había Dios,
transcription_234,criado y hecho.,
transcription_235,Estos son los orígenes de,
transcription_236,los cielos y de la tierra cuando,
transcription_237,"fueron criados, el día",
transcription_238,"fueron criados, el día",
transcription_239,"la tierra y los cielos,",
transcription_240,Y toda planta del campo,
transcription_241,"antes que fuese en la tierra,",
transcription_242,y toda hierba del campo,
transcription_243,antes que naciese: porque,
transcription_244,aun no había Jehová Dios,
transcription_245,"hecho llover sobre la tierra,",
transcription_246,ni había hombre para,
transcription_247,que labrase la tierra;,
transcription_248,Mas subía de la tierra,
transcription_249,"un vapor, que regaba",
transcription_250,toda la faz de la tierra.,
transcription_251,"Formó, pues, Jehová Dios al hombre",
transcription_252,y alentó en su nariz,
transcription_253,"del polvo de la tierra,",
transcription_254,el hombre en alma viviente.,
transcription_255,nariz soplo de vida; y fué,
transcription_256,Y había Jehová Dios plantado,
transcription_257,un huerto en Edén al oriente,
transcription_258,y puso allí al hombre,
transcription_259,que había formado.,
transcription_260,Y había Jehová Dios hecho,
transcription_261,nacer de la tierra todo árbol,
transcription_262,"delicioso á la vista, y",
transcription_263,bueno para comer: también,
transcription_264,el árbol de vida en medio,
transcription_265,"del huerto, y el árbol de",
transcription_266,ciencia del bien y del mal.,
transcription_267,Y salía de Edén un río,
transcription_268,"para regar el huerto, y",
transcription_269,de allí se repartía en cuatro,
transcription_270,El nombre del uno era,
transcription_271,Pisón: éste es el que cerca,
transcription_272,toda la tierra de Havilah,
transcription_273,donde hay oro:,
transcription_274,Y el oro de aquella tierra,
transcription_275,es bueno: hay allí también,
transcription_276,bdelio y piedra cornerina.,
transcription_277,El nombre del segundo río,
transcription_278,es Gihón: éste es el que,
transcription_279,rodea toda la tierra de,
transcription_280,Y el nombre del tercer,
transcription_281,río es Hiddekel: éste es ,
transcription_282,el que va delante de Asiria. ,
transcription_283,Y el cuarto río es el,
transcription_284,"Tomó, pues, Jehová Dios al",
transcription_285,"hombre, y le puso en el huerto",
transcription_286,"de Edén, para que lo labrara y",
transcription_287, lo guardase.,
transcription_288,Y mandó Jehová Dios al,
transcription_289,"hombre, diciendo: De todo",
transcription_290,árbol del huerto comerás;,
transcription_291,Mas del árbol de ciencia,
transcription_292,del bien y del mal no,
transcription_293,comerás de él; porque el,
transcription_294,día que de él,
transcription_295,"comieres, morirás.",
transcription_296,es bueno que el hombre,
transcription_297,esté solo; haréle ayuda,
transcription_298,idónea para él.,
transcription_299,"Formó, pues, Jehová Dios",
transcription_300,de la tierra toda bestia del ,
transcription_301,"campo, y toda ave de los",
transcription_302,"cielos, y trájolas á Adam, para",
transcription_303,que viese cómo les había de llamar;,
transcription_304,y todo lo que Adam llamó,
transcription_305,"á los animales vivientes, ese",
transcription_306,es su nombre.,
transcription_307,Y puso Adam nombres á,
transcription_308,toda bestia y ave de los,
transcription_309,cielos y á todo animal del,
transcription_310,campo: mas para Adam no,
transcription_311,halló ayuda que estuviese ,
transcription_312,idónea para él.,
transcription_313,Y Jehová Dios hizo caer sueño,
transcription_314,"sobre Adam, y se quedó",
transcription_315,dormido: entonces tomó,
transcription_316,"una de sus costillas, y cerró",
transcription_317,la carne en su lugar;,
transcription_318,Y de la costilla que Jehová Dios,
transcription_319,"tomó del hombre, hizo",
transcription_320,"una mujer, y trájola al",
transcription_321,Y dijo Adam: Esto es ahora,
transcription_322,"hueso de mis huesos, y carne",
transcription_323,de mi carne: ésta será llamada,
transcription_324,"Varona, porque del varón fué",
transcription_325,"Por tanto, dejará el hombre",
transcription_326,"á su padre y á su madre, y",
transcription_327,allegarse ha á su mujer,
transcription_328,y serán una sola carne.,
transcription_329,"Y estaban ambos desnudos,",
transcription_330,"Adam y su mujer, y",
transcription_331,no se avergonzaban.,
transcription_332,"EMPERO la serpiente era astuta,",
transcription_333,más que todos los animales del,
transcription_334,campo que Jehová Dios,
transcription_335,había hecho; la cual dijo á,
transcription_336,a mujer: ¿Conque Dios,
transcription_337,os ha dicho: No comáis,
transcription_338,de todo árbol del huerto?,
transcription_339,Y la mujer respondió á la,
transcription_340,serpiente: Del fruto de los,
transcription_341,árboles del huerto comemos;,
transcription_342,Mas del fruto del árbol,
transcription_343,que está en medio del huerto,
transcription_344,dijo Dios: No comeréis,
transcription_345,"de él, ni le tocaréis, ",
transcription_346,porque no muráis.,
transcription_347,Entonces la serpiente,
transcription_348,dijo á la mujer: No moriréis;,
transcription_349,Mas sabe Dios que el,
transcription_350,"día que comiereis de él,",
transcription_351,"serán abiertos vuestros ojos,",
transcription_352,seréis como dioses sabiendo,
transcription_353,el bien y el mal.,
transcription_354,Y vió la mujer que el,
transcription_355,"árbol era bueno para comer,",
transcription_356,y que era agradable á los,
transcription_357,"ojos, y árbol codiciable",
transcription_358,para alcanzar la sabiduría; y tomó,
transcription_359,"de su fruto, y comió; y",
transcription_360,"dió también á su marido,",
transcription_361,el cual comió así como ella.,
transcription_362,Y fueron abiertos los,
transcription_363,"ojos de entrambos, y conocieron",
transcription_364,que estaban desnudos: entonces,
transcription_365,"cosieron hojas de higuera,",
transcription_366,y se hicieron delantales.,
transcription_367,Y oyeron la voz de Jehová,
transcription_368,Dios que se paseaba en,
transcription_369,el huerto al aire del día:,
transcription_370,y escondióse el,
transcription_371,hombre y su mujer de,
transcription_372,la presencia de Jehová Dios,
transcription_373,entre los árboles del ,
transcription_374,Y llamó Jehová Dios al ,
transcription_375,"hombre, y le dijo: ¿Dónde",
transcription_376,Y él respondió: Oí tu voz,
transcription_377,"en el huerto, y tuve miedo",
transcription_378,porque estaba desnudo;,
transcription_379,y escondíme.,
transcription_380,Y díjole: ¿Quién te enseñó,
transcription_381,que estabas desnudo? ¿Has,
transcription_382,comido del árbol de,
transcription_383,que yo te mandé no,
transcription_384,Y el hombre respondió: La,
transcription_385,La mujer que me diste por,
transcription_386,compañera me dió del,
transcription_387,"árbol, y yo comí.",
transcription_388,Entonces Jehová Dios,
transcription_389,dijo á la mujer: ¿Qué,
transcription_390,es lo que has hecho? Y,
transcription_391,dijo la mujer: La,
transcription_392,"serpiente me engañó,",
transcription_393,Y Jehová Dios dijo á la,
transcription_394,serpiente: Por cuanto esto,
transcription_395,"hiciste, maldita serás entre",
transcription_396,todas las bestias y entre,
transcription_397,todos los animales del,
transcription_398,"campo; sobre tu pecho andarás,",
transcription_399,y polvo comerás todos,
transcription_400,los días de tu vida:,
transcription_401,Y enemistad pondré entre,
transcription_402,"ti y la mujer, y entre tu",
transcription_403,simiente y la simiente suya;,
transcription_404,ésta te herirá en la ,
transcription_405,"cabeza, y tú le herirás en",
transcription_406,A la mujer dijo: Multiplicaré,
transcription_407,en gran manera tus dolores,
transcription_408,y tus preñeces; con dolor,
transcription_409,hijos; y á tu marido será,
transcription_410,"tu deseo, y él se enseñoreará de",
transcription_411,Y al hombre dijo: Por cuanto,
transcription_412,"obedeciste á la voz de tu mujer,",
transcription_413,Varón y hembra los crió;,
transcription_414,"y los bendijo, y llamó",
transcription_415,"el nombre de ellos Adam,",
transcription_416,el día en que,
transcription_417,Y vivió Adam ciento y,
transcription_418,"treinta años, y engendró un",
transcription_419,"hijo á su semejanza, conforme",
transcription_420,"á su imagen, y llamó su ",
transcription_421,"Y fueron los días de Adam,",
transcription_422,después que engendró á,
transcription_423,"Seth, ochocientos años: y",
transcription_424,engendró hijos é hijas.,
transcription_425,Y fueron todos los días que,
transcription_426,vivió Adam novecientos y treinta,
transcription_427,Y vivió Seth ciento y,
transcription_428,"cinco años, y engendró",
transcription_429,"Y vivió Seth, después ",
transcription_430,"que engendró á Enós,",
transcription_431,ochocientos y siete años: y,
transcription_432,engendró hijos é hijas.,
transcription_433,Y fueron todos los días de,
transcription_434,Seth novecientos y doce,
transcription_435,años; y murió.,
transcription_436,Y vivió Enós noventa,
transcription_437,"años, y engendró á Cainán.",
transcription_438,Y vivió Enós después que,
transcription_439,"engendró á Cainán, ochocientos",
transcription_440,y quince años: y engendró,
transcription_441,Y fueron todos los,
transcription_442,días de Enós novecientos,
transcription_443,y cinco años; y murió.,
transcription_444,Y vivió Cainán setenta,
transcription_445,"años, y engendró",
transcription_446,"Y vivió Cainán, después",
transcription_447,"que engendró á Mahalaleel,",
transcription_448,ochocientos y cuarenta años:,
transcription_449,y engendró hijos é hijas.,
transcription_450,Y fueron todos los días de,
transcription_451,Cainán novecientos y diez,
transcription_452,años; y murió.,
transcription_453,Y vivió Mahalaleel sesenta,
transcription_454,"y cinco años, y",
transcription_455,engendró á Jared.,
transcription_456,"Y vivió Mahalaleel, después",
transcription_457,"que engendró á Jared,",
transcription_458,ochocientos y treinta años:,
transcription_459,y engendró hijos é hijas.,
transcription_460,Y fueron todos los días,
transcription_461,de Mahalaleel ochocientos,
transcription_462,noventa y cinco años;,
transcription_463,Y vivió Jared ciento sesenta,
transcription_464,"y dos años, y engendró",
transcription_465,"Y vivió Jared, después que",
transcription_466,"engendró á Henoch, ochocientos",
transcription_467,años: y engendró hijos é,
transcription_468,Y fueron todos los días,
transcription_469,de Jared novecientos sesenta,
transcription_470,y dos años; y murió.,
transcription_471,Y vivió Henoch sesenta,
transcription_472,"y cinco años, y engendró á",
transcription_473,"Y caminó Henoch con Dios,",
transcription_474,"después que engendró á Mathusalam,",
transcription_475,trescientos años: y engendró,
transcription_476,Y fueron todos los días de Henoch,
transcription_477,trescientos sesenta y cinco años.,
transcription_478,"Caminó, pues, Henoch con Dios,",
transcription_479,"y desapareció, porque le llevó",
transcription_480,Y vivió Mathusalam ciento,
transcription_481,"ochenta y siete años, y engendró",
transcription_482,"Y vivió Mathusalam, después ",
transcription_483,"que engendró á Lamech, setecientos",
transcription_484,ochenta y dos años: y,
transcription_485,engendró hijos é hijas.,
transcription_486,"Fueron, pues, todos los",
transcription_487,"días de Mathusalam, novecientos",
transcription_488,sesenta y nueve años; y,
transcription_489,Y vivió Lamech ciento ochenta ,
transcription_490,"y dos años, y engendró un",
transcription_491,"Y llamó su nombre Noé, diciendo:",
transcription_492,Este nos aliviará de nuestras,
transcription_493,"obras, y del tabajo de",
transcription_494,"nuestras manos, á causa de",
transcription_495,la tierra que Jehová maldijo.,
transcription_496,"Y vivió Lamech, después que engendró",
transcription_497,"á Noé, quinientos noventa y ",
transcription_498,cinco años: y engendró,
transcription_499,hijos é hijas.,
transcription_500, fueron todos los días ,
transcription_501,de Lamech setecientos setenta ,
transcription_502,y siete años; y murió.,
transcription_503,Y siendo Noé de quinientos ,
transcription_504,"años, engendró á Sem,",
transcription_505,"Châm, y á Japhet.",
transcription_506,"Y ACAECIO que, cuando comenzaron",
transcription_507,los hombres á multiplicarse ,
transcription_508,sobre la faz de la,
transcription_509,"tierra, y les nacieron hijas,",
transcription_510,Viendo los hijos de,
transcription_511,Dios que las hijas de,
transcription_512,"os hombres eran hermosas,",
transcription_513,"tomáronse mujeres, escogiendo",
transcription_514,Y dijo Jehová: No contenderá,
transcription_515,mi espíritu con el hombre,
transcription_516,"para siempre, porque ciertamente",
transcription_517,él es carne: mas serán,
transcription_518,sus días ciento y veinte,
transcription_519,Había gigantes en la tierra,
transcription_520,"en aquellos días, y también",
transcription_521,después que entraron los,
transcription_522,hijos de Dios á las hijas,
transcription_523,"de los hombres, y les ",
transcription_524,hijos: éstos fueron los,
transcription_525,que desde la antigüedad fueron ,
transcription_526,varones de nombre.,
transcription_527,Y vió Jehová que la,
transcription_528,malicia de los hombres,
transcription_529,"era mucha en la tierra,",
transcription_530,y que todo designio,
transcription_531,de los pensamientos del,
transcription_532,corazón de ellos era de,
transcription_533,continuo solamente el mal.,
transcription_534,Y arrepintióse Jehová de,
transcription_535,"haber hecho hombre en la tierra,",
transcription_536,y pesóle en su corazón.,
transcription_537,Y dijo Jehová: Raeré los,
transcription_538,hombres que he criado de ,
transcription_539,"sobre la faz de la tierra,",
transcription_540,desde el hombre hasta la,
transcription_541,"bestia, y hasta el reptil y",
transcription_542,las aves del cielo: porque,
transcription_543,me arrepiento de ,
transcription_544,haberlos hecho.,
transcription_545,Empero Noé halló gracia,
transcription_546,en los ojos de Jehová.,
transcription_547,Estas son las generaciones,
transcription_548,"de Noé: Noé, varón justo,",
transcription_549,perfecto fué en sus,
transcription_550,generaciones; con Dios,
transcription_551,caminó Noé.,
transcription_552,Y engendró Noé tres,
transcription_553,"hijos: á Sem, á Châm",
transcription_554,y á Japhet.,
transcription_555,Y corrompióse la tierra,
transcription_556,"delante de Dios, y estaba",
transcription_557,la tierra llena de violencia.,
transcription_558,"Y miró Dios la tierra,",
transcription_559, y he aquí que estaba,
transcription_560, corrompida; porque toda,
transcription_561,toda carne había corrompido,
transcription_562,su camino sobre la tierra.,
transcription_563,Y dijo Dios á Noé: El,
transcription_564, fin de toda carne ha venido,
transcription_565,delante de mí; porque la,
transcription_566,tierra está llena de violencia,
transcription_567,á causa de ellos; y he ,
transcription_568,aquí que yo los destruiré,
transcription_569,on la tierra.,
transcription_570,Hazte un arca de madera,
transcription_571,de Gopher: harás aposentos,
transcription_572,en el arca y la embetunarás,
transcription_573,con brea por dentro y,
transcription_574,Y de esta manera la harás:,
transcription_575,de trescientos codos la,
transcription_576,"longitud del arca, de",
transcription_577,"cincuenta codos su anchura,",
transcription_578,y de treinta codos su altura.,
transcription_579,Una ventana harás al,
transcription_580,"arca, y la acabarás á un",
transcription_581,"anchura, y de treinta codos",
transcription_582,"Y yo, he aquí que yo",
transcription_583,traigo un diluvio de aguas,
transcription_584,"sobre la tierra, para",
transcription_585,destruir toda carne en,
transcription_586,que haya espíritu de vida,
transcription_587,debajo del cielo; todo lo,
transcription_588,que hay en la tierra,
transcription_589,Mas estableceré mi pacto,
transcription_590,"contigo, y entrarás en el",
transcription_591,"arca tú, y tus hijos y",
transcription_592,"tu mujer, y las",
transcription_593,mujeres de tus hijos,
transcription_594,Y de todo lo que vive,
transcription_595," de toda carne, dos de ",
transcription_596,cada especie meterás en,
transcription_597,"el arca, para que",
transcription_598,tengan vida contigo; macho,
transcription_599,y hembra serán.,
transcription_600, De las aves según,
transcription_601,"su especie, y de",
transcription_602,las bestias según su,
transcription_603,"especie, de todo reptil",
transcription_604,de la tierra según,
transcription_605,"su especie, dos de cada",
transcription_606, especie entrarán contigo,
transcription_607,para que hayan vida.,
transcription_608,Y toma contigo de,
transcription_609,"toda vianda que se come,",
transcription_610,y allégala á ti; servirá,
transcription_611,de alimento para ti,
transcription_612,y para ellos.,
transcription_613,E hízolo así Noé;,
transcription_614,hizo conforme á todo,
transcription_615,lo que Dios le mandó.,
transcription_616,Y JEHOVA dijo á Noé:,
transcription_617,Entra tú y toda tu casa,
transcription_618,en el arca porque á,
transcription_619,ti he visto justo,
transcription_620,delante de mí en,
transcription_621,esta generación.,
transcription_622,De todo animal limpio,
transcription_623, te tomarás de siete,
transcription_624,"en siete, macho y",
transcription_625,su hembra; mas de,
transcription_626,los animales que no,
transcription_627,"son limpios, dos, macho",
transcription_628,y su hembra.,
transcription_629,También de las aves,
transcription_630,de los cielos de siete ,
transcription_631,"en siete, macho y ",
transcription_632,hembra; para guardar en,
transcription_633,vida la casta sobre,
transcription_634,la faz de toda la tierra.,
transcription_635,Porque pasados aún siete,
transcription_636,"días, yo haré llover",
transcription_637,sobre la tierra cuarenta,
transcription_638,días y cuarenta noches; ,
transcription_639,y raeré toda sustancia ,
transcription_640,que hice de sobre la,
transcription_641,faz de la tierra.,
transcription_642,E hizo Noé conforme,
transcription_643,á todo lo que le mandó,
transcription_644,Y siendo Noé de seiscientos ,
transcription_645,"años, el diluvio de las",
transcription_646,aguas fué sobre la tierra.,
transcription_647,"Y vino Noé, y sus hijos",
transcription_648,"y su mujer, y las mujeres",
transcription_649,de sus hijos con él al,
transcription_650,"arca, por las aguas",
transcription_651,De los animales limpios,
transcription_652, y de los animales que ,
transcription_653,"no eran limpios, y de",
transcription_654,"las aves, y de todo lo",
transcription_655,que anda arrastrando sobre,
transcription_656,De dos en dos entraron,
transcription_657, á Noé en el arca:,
transcription_658,"macho y hembra, como",
transcription_659,mandó Dios á Noé.,
transcription_660,Y sucedió que al séptimo,
transcription_661,día las aguas del diluvio,
transcription_662,fueron sobre la tierra.,
transcription_663,El año seiscientos de la,
transcription_664,"vida de Noé, en el",
transcription_665,mes segundo á diecisiete,
transcription_666,"mes, aquel día fueron",
transcription_667,rotas todas las fuentes,
transcription_668,"del grande abismo, y",
transcription_669,las cataratas de los,
transcription_670,cielos fueron abiertas;,
transcription_671,Y hubo lluvia sobre la,
transcription_672,tierra cuarenta días y,
transcription_673,En este mismo día entró,
transcription_674,"Noé, y Sem, y Châm y Japhet",
transcription_675,"hijos de Noé,",
transcription_676," la mujer de Noé, y",
transcription_677,las tres mujeres de sus ,
transcription_678,hijos con él en el arca;,
transcription_679, Ellos y todos los ,
transcription_680,animales silvestres según,
transcription_681,"sus especies, y todos ",
transcription_682,los animales mansos según,
transcription_683,"sus especies, y todo",
transcription_684,reptil que anda arrastrando,
transcription_685,sobre la tierra según su,
transcription_686,"especie, y toda ave",
transcription_687,"pájaro, toda especie de",
transcription_688,"según su especie, todo",
transcription_689,"Y vinieron á Noé al arca,",
transcription_690,de dos en dos de toda,
transcription_691,carne en que había,
transcription_692,espíritu de vida.,
transcription_693,"Y los que vinieron, macho y ",
transcription_694,hembra de toda carne ,
transcription_695,"vinieron, como le había",
transcription_696,mandado Dios: y Jehová,
transcription_697, le cerró la puerta,
transcription_698,Y fué el diluvio cuarenta,
transcription_699,días sobre la tierra; y,
transcription_700,"las aguas crecieron, y",
transcription_701,"alzaron el arca, y ",
transcription_702,se elevó sobre la tierra.,
transcription_703,Y prevalecieron las aguas,
transcription_704,y crecieron en gran ,
transcription_705,manera sobre la tierra; y,
transcription_706,andaba el arca sobre,
transcription_707,la faz de las aguas.,
transcription_708,Y las aguas prevalecieron,
transcription_709,mucho en extremo sobre,
transcription_710,la tierra; y todos los,
transcription_711,montes altos que,
transcription_712,había debajo de todos,
transcription_713,"los cielos, fueron cubiertos.",
transcription_714,Quince codos en alto,
transcription_715,prevalecieron las aguas; y,
transcription_716,fueron cubiertos los montes.,
transcription_717,Y murió toda carne,
transcription_718,que se mueve sobre la,
transcription_719,"tierra, así de aves como",
transcription_720,"de ganados, y de",
transcription_721," bestias, y de todo reptil ",
transcription_722,que anda arrastrando,
transcription_723,"sobre la tierra, y todo",
transcription_724,Todo lo que tenía,
transcription_725,aliento de espíritu de,
transcription_726,"vida en sus narices, de",
transcription_727,odo lo que había,
transcription_728,"en la tierra, murió.",
transcription_729,Así fué destruída toda,
transcription_730,sustancia que vivía sobre,
transcription_731," la faz de la tierra, desde",
transcription_732,el hombre hasta la,
transcription_733,"bestia, y los reptiles, y ",
transcription_734,las aves del cielo; y fueron,
transcription_735,raídos de la tierra;,
transcription_736,"y quedó solamente Noé,",
transcription_737,y lo que con él estaba,
transcription_738,Y prevalecieron las,
transcription_739,aguas sobre la tierra,
transcription_740,ciento y cincuenta días.,
transcription_741,Y ACORDOSE Dios de,
transcription_742,"Noé, y de todos los",
transcription_743,"animales, y de todas",
transcription_744,las bestias que estaban,
transcription_745,con él en el arca;,
transcription_746,é hizo pasar Dios un,
transcription_747,"viento sobre la tierra, ",
transcription_748,y disminuyeron las aguas.,
transcription_749,Y se cerraron las fuentes,
transcription_750,"del abismo, y las cataratas",
transcription_751,de los cielos; y la lluvia ,
transcription_752,los cielos fué detenida.,
transcription_753,Y tornáronse las aguas,
transcription_754,"de sobre la tierra, yendo",
transcription_755,volviendo: y decrecieron,
transcription_756,s aguas al cabo,
transcription_757,de ciento y cincuenta días.,
transcription_758,Y reposó el arca en el,
transcription_759,"mes séptimo, á dicisiete",
transcription_760,"días del mes, sobre los",
transcription_761,montes de Armenia.,
transcription_762,Y las aguas fueron decreciend,
transcription_763,hasta el mes décimo: en ,
transcription_764,"el décimo, al primero",
transcription_765,"del mes, se descubrieron",
transcription_766,las cimas de los montes.,
transcription_767," Y sucedió que, al cabo ",
transcription_768,"de cuarenta días, abrió Noé",
transcription_769,la ventana del arca que,
transcription_770,"Y envió al cuervo, el ",
transcription_771,"cual salió, y estuvo yendo",
transcription_772,y tornando hasta que las,
transcription_773,guas se secaron,
transcription_774,de sobre la tierra.,
transcription_775, Envió también de sí á,
transcription_776,"la paloma, para ver si",
transcription_777,las aguas se habían retirado,
transcription_778,de sobre la faz de,
transcription_779,Y no halló la paloma donde,
transcription_780,"sentar la planta de su pie,",
transcription_781,"y volvióse á él al arca,",
transcription_782,porque las aguas estaban,
transcription_783,aún sobre la faz de toda,
transcription_784,la tierra: entonces él extendió,
transcription_785,"su mano y cogiéndola, hízola",
transcription_786,entrar consigo en el arca.,
transcription_787,Y esperó aún otros siete ,
transcription_788,"días, y volvió á enviar la ",
transcription_789,paloma fuera del arca.,
transcription_790,Y la paloma volvió á,
transcription_791, él á la hora de la tarde: ,
transcription_792,y he aquí que traía una,
transcription_793,hoja de oliva tomada en,
transcription_794,su pico: y entendió Noé,
transcription_795,que las aguas se habían retirado ,
transcription_796,de sobre la tierra.,
transcription_797,"Y esperó aún otros siete días, ",
transcription_798,"y envió la paloma, la ",
transcription_799,cual no volvió ya más á,
transcription_800,Y sucedió que en el,
transcription_801,año seiscientos y uno,
transcription_802,"de Noé, en el mes primero",
transcription_803,"primero del mes, las",
transcription_804,aguas se enjugaron de,
transcription_805,sobre la tierra y quitó ,
transcription_806,Noé la cubierta del arca,
transcription_807,"y miró, y he aquí",
transcription_808,que la faz de la tierra,
transcription_809,Y en el mes segundo,
transcription_810,á los veintisiete días del,
transcription_811,"mes, se secó la tierra.",
transcription_812,Y habló Dios á Noé diciendo:,
transcription_813,"Sal del arca tú, y",
transcription_814,"tu mujer, y tus hijos, y",
transcription_815,las mujeres de tus hijos,
transcription_816,Todos los animales que,
transcription_817,están contigo de toda,
transcription_818,"carne, de aves y de",
transcription_819,bestias y de todo,
transcription_820,reptil que anda arrastrando,
transcription_821,"sobre la tierra, sacarás contigo;",
transcription_822,"y vayan por la tierra, y",
transcription_823,"fructifiquen, y multiplíquense",
transcription_824,"Entonces salió Noé, y",
transcription_825,"sus hijos, y su mujer, y ",
transcription_826,las mujeres de sus hijos,
transcription_827,"Todos los animales, y ",
transcription_828,todo reptil y toda ave,
transcription_829,todo lo que se mueve,
transcription_830,sobre la tierra según,
transcription_831,"sus especies, salieron del ",
transcription_832,Y edificó Noé un altar ,
transcription_833, á Jehová y tomó de todo,
transcription_834,animal limpio y de toda ave,
transcription_835,"limpia, y ofreció holocausto",
transcription_836,Y percibió Jehová olor de,
transcription_837,suavidad; y dijo Jehová,
transcription_838,en su corazón: No tornaré,
transcription_839,más á maldecir la tierra,
transcription_840,por causa del hombre; porque,
transcription_841,el intento del corazón del,
transcription_842,hombre es malo desde su,
transcription_843,juventud: ni volveré más á ,
transcription_844,"destruir todo viviente, como",
transcription_845,Todavía serán todos los,
transcription_846,tiempos de la tierra; la ,
transcription_847,"sementera y la siega, y",
transcription_848,"el frío y calor,",
transcription_849,"verano é invierno, y día",
transcription_850,"y noche, no cesarán.",
transcription_851,Y BENDIJO Dios á Noé y,
transcription_852,"á sus hijos, y díjoles:",
transcription_853,"Fructificad, y multiplicad, y",
transcription_854,henchid la tierra:,
transcription_855,Y vuestro temor y vuestro,
transcription_856,pavor será sobre todo,
transcription_857,"animal de la tierra, y sobre",
transcription_858,"toda ave de los cielos, ",
transcription_859,en todo lo que se moverá ,
transcription_860,"en la tierra, y en todos los",
transcription_861,peces del mar: en,
transcription_862,vuestra mano son entregados.,
transcription_863,Todo lo que se mueve y,
transcription_864,"vive, os será para mantenimiento",
transcription_865,sí como las legumbres y,
transcription_866,"hierbas, os lo he dado todo.",
transcription_867,Empero carne con su,
transcription_868,"vida, que es su sangre, no",
transcription_869,Porque ciertamente demandaré,
transcription_870,la sangre de vuestras vidas;,
transcription_871,de mano de todo animal,
transcription_872,"la demandaré, y de mano",
transcription_873,del hombre; de mano del,
transcription_874,varón su hermano demandaré,
transcription_875,la vida del hombre.,
transcription_876,El que derramare sangre,
transcription_877,"del hombre, por el hombre",
transcription_878,su sangre será derramada;,
transcription_879,porque á imagen de,
transcription_880,Dios es hecho el hombre.,
transcription_881,"Mas vosotros fructificad, y ",
transcription_882,multiplicaos; procread abundantemente,
transcription_883,"en la tierra, y multiplicaos",
transcription_884,Y habló Dios á Noé y á,
transcription_885,"sus hijos con él, diciendo:",
transcription_886,"Yo, he aquí que yo",
transcription_887,"establezco mi pacto con vosotros,",
transcription_888,y con vuestra simiente después de vosotros,
transcription_889, con toda alma viviente que,
transcription_890,"está con vosotros, de aves, de",
transcription_891," animales, y de toda bestia",
transcription_892,de la tierra que está con,
transcription_893,vosotros; desde todos los que,
transcription_894,salieron del arca hasta todo animal,
transcription_895,Estableceré mi pacto con,
transcription_896,"vosotros, y no fenecerá",
transcription_897,ya más toda carne con,
transcription_898,aguas de diluvio; ni,
transcription_899,habrá más diluvio para,
transcription_900,destruir la tierra.,
transcription_901,Y dijo Dios: Esta será,
transcription_902,la señal del pacto que,
transcription_903,yo establezco entre mí ,
transcription_904,y vosotros y toda alma,
transcription_905,viviente que está con,
transcription_906,"vosotros, por siglos perpetuos:",
transcription_907,Mi arco pondré en las,
transcription_908,"nubes, el cual será por",
transcription_909,señal de convenio entre,
transcription_910,mí y la tierra.,
transcription_911,Y será que cuando haré,
transcription_912,venir nubes sobre la tierra,
transcription_913,se dejará ver entonces mi,
transcription_914,arco en las nubes.,
transcription_915,Y acordarme he del pacto,
transcription_916,"mío, que hay entre mí",
transcription_917,y vosotros y toda alma,
transcription_918,viviente de toda carne,
transcription_919, y no serán más las aguas por,
transcription_920,diluvio para destruir toda,
transcription_921,"Y estará el arco en las nubes,",
transcription_922,y verlo he para acordarme del,
transcription_923,pacto perpetuo entre Dios,
transcription_924,"y toda alma viviente, con ",
transcription_925,toda carne que hay sobre,
transcription_926,"Dijo, pues, Dios á Noé",
transcription_927,Esta será la señal del,
transcription_928,pacto que he establecido,
transcription_929,entre mí y toda carne,
transcription_930,que está sobre la tierra.,
transcription_931,Y los hijos de Noé,
transcription_932,que salieron del arca,
transcription_933,"fueron Sem, Châm y",
transcription_934,aphet: y Châm es,
transcription_935,el padre de Canaán.,
transcription_936,Estos tres son los hijos,
transcription_937,de Noé; y de ellos fué,
transcription_938,llena toda la tierra.,
transcription_939,Y comenzó Noé á,
transcription_940,"labrar la tierra, y",
transcription_941,plantó una viña:,
transcription_942,"Y bebió del vino, y",
transcription_943,"se embriagó, y estaba",
transcription_944,descubierto en medio de,
transcription_945,"Y Châm, padre de Canaán",
transcription_946,"vió la desnudez de su padre,",
transcription_947,y díjolo á sus dos,
transcription_948,hermanos á la parte de afuera.,
transcription_949,Entonces Sem y Japhet,
transcription_950,"tomaron la ropa, y la",
transcription_951,pusieron sobre sus propios,
transcription_952,"hombros, y andando hacia",
transcription_953,"atrás, cubrieron la desnudez ",
transcription_954,de su padre teniendo,
transcription_955,"vueltos sus rostros, y",
transcription_956,así no vieron la desnudez,
transcription_957,Y despertó Noé de su ,
transcription_958,"vino, y supo lo que",
transcription_959,había hecho con él,
transcription_960,su hijo el más joven;,
transcription_961,Y dijo: Maldito sea Canaán,
transcription_962,Siervo de siervos será,
transcription_963,á sus hermanos.,
transcription_964,Dijo más: Bendito,
transcription_965,"Jehová el Dios de Sem,",
transcription_966,Y séale Canaán siervo.,
transcription_967,Engrandezca Dios á Japhet,
transcription_968,Y habite en las tiendas de Sem,
transcription_969,Y séale Canaán siervo.,
transcription_970,Y vivió Noé después ,
transcription_971,del diluvio trescientos,
transcription_972,y cincuenta años.,
transcription_973, Y fueron todos los,
transcription_974,días de Noé novecientos,
transcription_975,y cincuenta años; y murió.,
transcription_976,ESTAS son las generaciones,
transcription_977, los hijos de Noé: Sem,
transcription_978,hijos después del diluvio.,
transcription_979,"Los hijos de Japhet: Gomer,",
transcription_980,Por éstos fueron repartidas,
transcription_981,las islas de las gentes en,
transcription_982,"sus tierras, cada cual",
transcription_983,"según su lengua, conforme",
transcription_984,á sus familias en sus naciones.,
transcription_985,Y Cush engendró á Nimrod,
transcription_986,éste comenzó á ser poderoso,
transcription_987,Este fué vigoroso cazador delante,
transcription_988,de Jehová; por lo cual se dice:,
transcription_989,"Así como Nimrod, vigoroso",
transcription_990,cazador delante de Jehová.,
transcription_991,Y fué la cabecera de su ,
transcription_992,en la tierra de Shinar.,
transcription_993,después se derramaron las,
transcription_994,de los Cananeos desde Sidón,
transcription_995,"Châm por sus familias, por",
transcription_996,"en sus tierras, en sus naciones.",
transcription_997,"También le nacieron hijos á Sem,",
transcription_998,de todos los hijos de,
transcription_999,estos fueron hijos de Joctán.,
transcription_1000,son las familias de Noé,
